direction;bari0;bari1;bari2;bari3
x;-0.367952;0.218126;-0.384427;0.0624537
y;-1.98828;-0.250959;0.458888;-0.115746