chamber;x;y
0;-0.367952;-1.98828
1;0.218126;-0.250959
2;-0.384427;0.458888
3;0.0624537;-0.115746
